{"25.3,12.94,37.3,105.7,94.1,24.63,12.6,36.8,103.0,92.6,0": [9.47236229205334, 5.8127199845845885, 4.585880389583991, 13.386550357515402, 34.86426571556342, 35.17627849275315, 14.336770244433659, 9.59844526014098, 5.729177468666732, 4.341273700634647, 13.141814385723965, 33.9758383820198, 34.08374440880599, 14.174988593753053], "25.3,12.94,37.1,105.8,94.0,24.63,12.6,36.6,103.2,92.5,1": [9.825311187316823, 6.050793670080927, 4.498944067543912, 13.382152868038354, 34.96219004032218, 35.23007947436206, 14.891574885737134, 9.418957145954652, 5.687015854728054, 4.459358309861948, 13.328613634407322, 34.02833400510192, 34.44773341776991, 14.57738414448266], "25.3,12.94,37.1,105.8,94.2,24.63,12.6,36.6,103.2,92.5,2": [9.689877822520712, 5.833205197106125, 4.559709036968187, 13.691992978246148, 34.917084782017774, 35.44061057093764, 14.364048837073348, 9.313395631060404, 6.097851803488121, 4.480588846063803, 13.385455123871477, 33.94693890700042, 35.0246572247663, 14.049771870527175], "25.3,12.94,37.1,105.8,94.1,24.63,12.6,36.6,103.2,92.5,3": [9.693069384507043, 5.789719540742682, 4.526764489834743, 13.644756305486876, 34.99133252566751, 34.95365925925679, 15.001002949750916, 9.345750925306298, 5.686821709789157, 4.403968275468219, 13.119240049826743, 34.00094964272703, 34.708520022029745, 14.337616616023064], "25.3,12.94,37.1,105.8,94.2,24.63,12.6,36.6,103.2,92.5,4": [9.824022288298242, 5.884045729587585, 4.456547079492563, 13.538369206773384, 34.99235973395846, 35.197628336161806, 14.623042945311266, 9.425494347222639, 6.221261417781674, 4.361823454017255, 13.36904678812803, 34.12443624165018, 34.46622803688674, 14.242523468782963], "25.3,12.94,37.1,105.6,94.4,24.63,12.6,36.6,103.2,92.3,5": [9.689133923344464, 5.838157200761296, 4.571050427961143, 13.60280782737634, 34.858180840218644, 35.144863153833015, 14.41148464744975, 9.347727347621412, 6.155964580920686, 4.403555054136742, 13.076552267992492, 34.10048603523466, 34.383478118127165, 14.505805455402575], "25.3,12.94,37.1,105.6,94.4,24.63,12.6,36.6,103.2,92.3,6": [9.535972195160564, 5.751626286089256, 4.531648632201886, 13.32663118621692, 35.043951926625695, 35.09316455792892, 14.714784145452061, 9.519650833867015, 5.7218613937901415, 4.357795550027799, 13.185550360787396, 34.23624510064276, 34.24670990695256, 14.640929356927224], "25.3,12.94,37.1,106.0,94.5,24.63,12.6,36.6,102.6,92.0,7": [9.599532369156494, 6.328258314281822, 4.452493724042099, 13.386392095410216, 34.92160016978274, 35.12902356389484, 14.481709856871715, 9.285554174376232, 6.2368180610297035, 4.407145414789802, 13.167926555837123, 33.99857717653032, 34.350458713697165, 13.691619375446535], "25.3,12.94,37.1,106.0,94.2,24.63,12.6,36.6,102.6,92.0,8": [9.799798129759772, 5.904902709819263, 4.555916949016659, 13.507480203023892, 35.05426172416678, 35.447451050777595, 14.651239237368882, 9.365737504589971, 5.730097833512051, 4.439130984473123, 13.238017382945428, 34.10268212405628, 34.42967247291608, 13.863612274018182], "25.3,12.94,37.1,106.0,94.2,24.63,12.6,36.6,102.4,92.0,9": [9.65135097675885, 5.776474699828895, 4.537600946386441, 13.520196618930221, 35.054990195455645, 35.291570089214325, 14.381093530435628, 9.530796166693262, 5.75381916823224, 4.389415811527488, 13.33490740758709, 34.010335689050535, 34.12961954450306, 14.022387626095908], "25.3,12.94,37.1,105.8,93.9,24.63,12.6,36.6,102.3,91.8,10": [9.777894040968233, 5.818590257531295, 4.527001376559508, 13.660211784131251, 34.866099707841755, 35.026815966031094, 14.746328963087985, 9.399502263037329, 5.7691511307483845, 4.335987979126678, 13.29387790263517, 33.88867387439102, 34.479536722293226, 14.41867585651813], "25.3,12.94,37.1,105.5,93.6,24.63,12.6,36.6,102.3,91.8,11": [9.7425106828651, 5.877417031736687, 4.5526787389162715, 13.552770342077904, 34.872315588674745, 35.10223425852139, 14.210162410530643, 9.553602713933419, 5.696604717092394, 4.279247093142461, 13.388842118172304, 34.05932456426212, 34.23961339543043, 13.99890927745359], "25.3,12.94,37.1,105.4,93.5,24.63,12.6,36.6,102.3,91.8,12": [9.512752355600679, 5.844303325146688, 4.553861495536321, 13.28811500605864, 34.807895190269015, 34.755981586901804, 14.112394224129117, 9.528269555544673, 5.786933162398789, 4.328976552367468, 13.25109766565926, 34.06350056377004, 34.14219589279802, 14.14560471749348], "25.3,12.94,37.1,105.4,93.5,24.63,12.6,36.6,102.3,91.8,13": [9.774911634286525, 5.9134834120994295, 4.50981062305677, 13.649490847563342, 34.94401788112683, 34.676414620323705, 14.680221764496983, 9.472084188268468, 5.684027910816886, 4.276588854534343, 13.557234271667959, 33.98820264198743, 34.417363832662794, 15.130224376963834], "25.3,12.94,37.1,105.4,93.5,24.63,12.6,36.6,102.3,91.8,14": [9.835844057226982, 5.885954899686924, 4.552727951388695, 13.772250557775934, 34.791012580290875, 34.834974232225164, 14.260045786827849, 9.569547061436127, 5.731669734221126, 4.390614637997443, 13.186719008969385, 33.90061177037568, 34.101086627854336, 14.534986714523955], "25.3,12.94,37.1,105.45,93.6,24.63,12.6,36.6,102.35,91.9,15": [9.762675496847063, 5.8163665832415266, 4.4776872241904995, 13.636464651953553, 34.96358871667325, 34.83623878374978, 14.239481657991988, 9.762675496847063, 5.8163665832415266, 4.4776872241904995, 13.636464651953553, 34.96358871667325, 34.83623878374978, 14.239481657991988], "25.3,12.94,37.1,105.45,93.6,24.63,12.6,36.6,102.35,91.9,16": [9.757510880144082, 5.968817206805931, 4.592250509011371, 13.58378277704601, 34.9407703208718, 35.133383181444614, 14.444787166481895, 9.300306865994415, 6.165238744627615, 4.4217636509175415, 13.154353495992112, 33.5523991158232, 34.32570647825341, 14.452425833380723], "25.3,12.94,37.1,105.6,93.7,24.63,12.6,36.6,102.35,91.9,17": [9.547386452632686, 5.858936312823316, 4.585732467144714, 13.63888604093102, 34.89110192430509, 34.64055179469042, 9.16026215902307, 9.337746284409626, 5.737944297073606, 4.450050259049498, 12.912589466416406, 33.80354319253129, 34.3635550279928, 14.550808861126663], "25.3,12.94,37.1,105.6,93.6,24.63,12.6,36.6,102.5,92.3,18": [9.810431203296254, 5.871151222465872, 4.561188177454499, 13.734171223504223, 34.903155119698546, 34.68495686064679, 14.23485195114775, 9.350013825558555, 5.746017214837153, 4.321064324779027, 13.304725603801584, 34.030629573287754, 34.17834347531139, 14.165330077091715], "25.3,12.94,37.1,105.5,93.6,24.63,12.6,36.6,102.5,92.3,19": [9.663301216462514, 5.932663159502683, 4.530875993594782, 13.81973002474133, 34.904503368141484, 35.31344306863035, 14.1965405925928, 9.640731148386374, 5.800082992173781, 4.37075684897079, 13.564985555059318, 33.97278139158866, 34.38202573764274, 14.595357335946517], "25.3,12.94,37.1,105.3,93.3,24.63,12.6,36.6,102.5,92.0,20": [9.662101559585981, 5.8766156540882735, 4.422533318095746, 13.395635466365189, 34.911427396735704, 34.840516535887964, 15.499097616922889, 9.584355835398481, 5.70449882146357, 4.380100599012008, 13.597242579197056, 33.96553075007639, 34.24980195656363, 13.989919833103368], "25.3,12.94,37.1,105.3,93.3,24.63,12.6,36.6,102.5,91.8,21": [9.781677527627416, 5.838783148264568, 4.409116826263353, 13.667134936021155, 34.883538358320685, 34.77147207226934, 14.743715609600539, 9.530855295502576, 5.755884897439255, 4.397827576717907, 13.55585282688205, 33.99643034589129, 34.296318316980575, 13.814061101434287], "25.3,12.94,37.1,105.2,93.1,24.63,12.6,36.6,102.2,91.6,22": [9.545966070276831, 5.864923922629239, 4.514075620569539, 13.471187983893234, 34.68393734673058, 35.050697183773515, 15.15825560480461, 9.526314603197667, 5.76321200617609, 4.440242247142254, 13.515736529819874, 33.92154312832414, 34.339518980364396, 14.066986842154648], "25.3,12.94,37.1,104.3,93.0,24.63,12.6,36.6,101.7,91.4,23": [9.682585312198599, 5.84770207780885, 4.500543125758767, 13.684814031811229, 34.59948629823145, 34.47493618842273, 13.979957308899678, 9.38681640448616, 5.661001796776662, 4.410486899828097, 13.459165504983567, 33.809536188360596, 34.32606227145054, 14.134822276326146],